{"cameraMode":{"drawMode":0,"name":"Shaded","section":"Shading Mode"},"sceneLighting":true,"audioPlay":false,"sceneViewState":{"showFog":true,"showMaterialUpdate":false,"showSkybox":true,"showFlares":true,"showImageEffects":true,"showParticleSystems":true},"in2DMode":false,"pivot":{"x":481.0231018066406,"y":-1.560487151145935,"z":521.9689331054688},"rotation":{"x":0.30535879731178286,"y":-0.41851428151130679,"z":0.15182213485240937,"w":0.841757595539093},"size":18.85333824157715,"orthographic":true}