{"cameraMode":{"drawMode":0,"name":"Shaded","section":"Shading Mode"},"sceneLighting":true,"audioPlay":false,"sceneViewState":{"showFog":true,"showMaterialUpdate":false,"showSkybox":true,"showFlares":true,"showImageEffects":true,"showParticleSystems":true},"in2DMode":false,"pivot":{"x":-8.011610984802246,"y":0.8279159069061279,"z":-8.496136665344239},"rotation":{"x":0.12595704197883607,"y":-0.5676664710044861,"z":0.0884084552526474,"w":0.8087548017501831},"size":14.519177436828614,"orthographic":true}