{"cameraMode":{"drawMode":0,"name":"Shaded","section":"Shading Mode"},"sceneLighting":true,"audioPlay":false,"sceneViewState":{"showFog":true,"showMaterialUpdate":false,"showSkybox":true,"showFlares":true,"showImageEffects":true,"showParticleSystems":true},"in2DMode":false,"pivot":{"x":503.043212890625,"y":31.18434715270996,"z":496.2601318359375},"rotation":{"x":0.2797009348869324,"y":-0.3435596823692322,"z":0.10801058262586594,"w":0.8900401592254639},"size":23.31523895263672,"orthographic":true}