{"cameraMode":{"drawMode":0,"name":"Shaded","section":"Shading Mode"},"sceneLighting":true,"audioPlay":false,"sceneViewState":{"showFog":true,"showMaterialUpdate":false,"showSkybox":true,"showFlares":true,"showImageEffects":true,"showParticleSystems":true},"in2DMode":false,"pivot":{"x":495.2945861816406,"y":11.573860168457032,"z":512.3875732421875},"rotation":{"x":0.1854868233203888,"y":-0.23136678338050843,"z":0.044868119060993198,"w":0.9540426135063171},"size":45.38671112060547,"orthographic":true}