{"cameraMode":{"drawMode":0,"name":"Shaded","section":"Shading Mode"},"sceneLighting":true,"audioPlay":false,"sceneViewState":{"showFog":true,"showMaterialUpdate":false,"showSkybox":true,"showFlares":true,"showImageEffects":true,"showParticleSystems":true},"in2DMode":false,"pivot":{"x":495.8929138183594,"y":5.457389831542969,"z":501.1056213378906},"rotation":{"x":0.024680711328983308,"y":-0.6631066799163818,"z":0.021898970007896425,"w":0.7478708028793335},"size":18.58006477355957,"orthographic":true}