{"cameraMode":{"drawMode":0,"name":"Shaded","section":"Shading Mode"},"sceneLighting":true,"audioPlay":false,"sceneViewState":{"showFog":true,"showMaterialUpdate":false,"showSkybox":true,"showFlares":true,"showImageEffects":true,"showParticleSystems":true},"in2DMode":false,"pivot":{"x":498.6038513183594,"y":5.494499206542969,"z":506.9415588378906},"rotation":{"x":0.15576587617397309,"y":-0.3783033788204193,"z":0.06477667391300202,"w":0.9102376103401184},"size":42.731483459472659,"orthographic":true}