{"cameraMode":{"drawMode":0,"name":"Shaded","section":"Shading Mode"},"sceneLighting":true,"audioPlay":false,"sceneViewState":{"showFog":true,"showMaterialUpdate":false,"showSkybox":true,"showFlares":true,"showImageEffects":true,"showParticleSystems":true},"in2DMode":false,"pivot":{"x":480.0344543457031,"y":2.1167027950286867,"z":519.3545532226563},"rotation":{"x":0.12129126489162445,"y":-0.4082038700580597,"z":0.05482110008597374,"w":0.9031485319137573},"size":22.93968963623047,"orthographic":true}